	aimDotPos	pokeDist	pokePos	pokeTime	trial
0	[-130.  -46.]	10.295630141	[-135.  -37.]	3.06848802743	0
