,aimDotPos,pokeDist,pokePos,pokeTime,releaseTime,trial
0,"[0.0, 0.0]",21.0237960416,"[-21.0, -1.0]",0.917258387839,0.349709327449,1
1,"[100.0, -100.0]",8.60232526704,"[105.0, -107.0]",0.934325558017,0.333518621803,2
2,"[100.0, 0.0]",35.0570962859,"[135.0, 2.0]",1.100328892,0.299138198316,3
3,"[-100.0, 0.0]",103.484298326,"[3.0, -10.0]",1.83477487753,1.03379240801,4
4,"[-100.0, 100.0]",13.6014705087,"[-108.0, 111.0]",1.1340648121,0.66694590135,5
5,"[0.0, 100.0]",21.1896201004,"[7.0, 120.0]",0.849935880164,0.382861438673,6
6,"[100.0, 0.0]",7.0,"[107.0, 0.0]",0.867570333532,0.383499932708,7
7,"[100.0, -100.0]",26.9258240357,"[93.0, -74.0]",0.866963989509,0.383070864715,8
